,Data,User,Tweet
0,2021-12-31 18:25:15+00:00,komaedaiii,"μΈν›„μ—Ό μ§€λ…ν•κ² κ±Έλ ¤μ„ μ—°λ§νν‹° λ» ν• λ‚λ¥Ό μ„ν•΄,, 2022λ…„ μµμ•  μ„ μ  λ€μ‹  ν•΄μ¤€ μΉκµ¬λ“¤,,,, https://t.co/FYJnrmUHDk"
1,2021-12-31 18:22:34+00:00,Miracle_E_S,@Ra__ni_ μ΄λ―Έ μΈν›„μ—Όμ— λΉ„μ—Όμ΄μ•Όβ€¦γ…‹γ…‹
2,2021-12-31 16:46:50+00:00,WARLADYCGP,"@Nonviolence_B 72λ…„ κ²½μ— λ¬΄μ¨ μΌμ΄ μμ—λ”μ§€λ” λ‚λ„ μ•κ³  μλ‹¤. ν•™μ νμ— κ°”μ—λ‹¤κ°€ μ•μ•μ§€. ( μ¥κ°‘μ„ λ‚€ μ†μΌλ΅ λ„¤ ν„±μ„ μ΅κ³  λ―Έλ¬λ΅ μΈν›„μ λ¨μ–‘μ„ λ³Έ λ’¤μ— μ¥κ°‘μ„ λ²—μΌλ©΄μ„, ) λ©μ΄ λ¶€μ—μ–΄. μ—°μ‡„μƒκµ¬κ· μ— μν• μΈν›„μ—ΌμΈ κ²ƒ κ°™μΌλ―€λ΅ λ¨Όμ € ν‹°μΉ΄μ‹¤λ¦°μ„ 3μΌ λ™μ• λ¨Ήμ–΄λ³΄κ³  μ°¨λ„λ¥Ό λ³΄μ. μμ•½ν’μ€ μ§€κΈ μ£Όκ² λ‹¤."
3,2021-12-31 15:54:49+00:00,orange0977,"@Hino_IKUYA νλ…Έλ‹λ„ μƒν•΄ λ³µ λ§μ΄ λ°›μΌμ„Έμ”!!
κ·Έλ¦¬κ³  μΈν›„μ—Ό κΌ­ λ‚μΌμ‹κΈ°λ¥Ό..!"
4,2021-12-31 00:25:56+00:00,DARIM_1,"λ‡ λ² μ‹λ„ν–λ”λ° μ¤νΈλ ™μ‹¤λ³΄λ‹¤ λ‚μ—κ² μ λ§λ” μΈν›„μ—Ό μ•½μ„ μ°Ύμ§€ λ»ν–μ–΄β€¦

μ—κ³  λ© μ•„ν”„λ‹¤β€¦"
5,2021-12-30 04:39:25+00:00,chuchantwitch,"κ·Όλ° μ¤λ κ²°κµ­ λ„λ¬΄ μ‹¬ν•΄μ Έμ„
μΈν›„μ—Ό μ•½ λ¨Ήμ—μ–΄ γ… 
κ·Έλ•μ™€ μ¦μƒμ€ λ‹¤λ¥΄μ§€λ§
μΉ¨ μ‚Όν‚¬λ• μ•„ν”κ²ƒλ„ μΈν›„μ—Όμ΄μ§€ μ•μ„κΉ μ‹¶μ–΄μ„...!
ν›„μ‰ μƒμΌ μ•λ‘κ³  μ•„ν”κ±° μ‹«μ€λ°"
6,2021-12-30 01:42:53+00:00,dori_again,"@heedong910429 μ € λΈμ‚΄μ΄λΌκ³  μ¨λ†“κΈ΄ ν–μ—λ”λ°,,, μΈν›„μ—Όμ΄μ—μ–΄μ”π­π­ μΈν›„μ—Όλ•λ¬Έμ— λΈμ‚΄μ΄ μ¨κ±°λμ” ν•ν•³γ…... μƒλ„ μ–΄λ”” μ•„νμ—¬????γ… γ… γ… γ… "
7,2021-12-30 00:34:36+00:00,soonmyun,μ λ‚λ” κ·Έλƒ¥ μΈν›„μ—ΌμΈλ° μ§‘μ— κ°€λΌλ„¤β€¦ μ—΄λ„ μ•λ‚λ”λ””β€¦ pcr λ°›μ•„λ‹¬λ..;;
8,2021-12-29 23:26:43+00:00,myjungkookonly,"@JK_musik λ®¤μ§λ‹ λΈμΆ€ μ–΄λ– μ„Έμ”?
μ”μƒ λ„ μ¶¥κ³  κ±΄μ΅°ν–μ£ ..
λ”°λ»ν• λ¬Ό μμ£Όλ“μ‹κ³  λ³‘μ›κ°€μ„
μ²λ°©μ•½ κΌ­ λ“μ„Έμ”
νΈλ„ μΈν›„μ—Όμ€ μ—΄κΉμ§€ μ™€μ„ κ΄΄λ΅μ›μ”π¤§
μ•„ν”„μ§€λ§μ”π™π’"
9,2021-12-29 15:32:51+00:00,2_5D_dmavy,λ© μ•„ν”„κ³  κ·€ μ•„ν”κ² ν„±κ΄€μ κ³Ό μ„¤κ³¨κ·Ό λ¬Έμ λΌ νλ‹¨ν•κ³  μλ‹¤κ°€ λ¶λ©Έμ μΈν›„μ—Ό μ§„λ‹¨μ„ λ°›κ³  ν‰μƒμ ν•¨κ»ν•κΈ°λ΅ ν–μ§€ https://t.co/9tcpaD5iZu
10,2021-12-29 12:06:15+00:00,TouaMMu,"μ•„ν”λ• μ²λ°©λ°›μ€ μ•½μ€ κΌ­ λκΉμ§€ λ‹¤λ¨ΉκΈ°!!
&lt;μ μ‹¬λ• μ•λ¨Ήμ—λ”λ‹ λ°”λ΅ μΈν›„μ—Ό ν†µμ¦μ΄ μ‹μ‘.."
11,2021-12-29 00:38:11+00:00,Yujin_030901,@hagojiral μΈν›„μ—Ό λ„λ¬΄ μ‹¬ν•΄μ„ λ¬Όν•λ¨κΈλ„ λ©λ„κΈ°κΈ° νλ“¤μ–΄γ… 
12,2021-12-28 11:12:46+00:00,xrfseoul,μ•„λΉ λ” κ±°μ μ™Έμ¶μ΄ μ—†λ” μ‚¬λμ΄κ³  λ³‘μ› λ‹¤λ‹λ” λ‚ μ—λ§ λ°–μ„ μ¤κ°€λ”λ° λ³‘μ› κ°”λ‹¤μ™€μ„ ν† μ”μΌλ¶€ν„° λΈμ΄ μ• μΆ‹μ•κ³  μ¤λ ν™•μ§„ νμ • λ°›κ³  λ³‘μƒ λ°°μ •λ°›μ•„μ„ λ“¤μ–΄κ°”λ”λ° λ²μ¨ νλ ΄μ¦μ„Έλ¥Ό λ³΄μΈλ‹¤κ³  ν•λ‹¤. λ‚ κ±°μ μ—° 2ν μΈν›„μ—Ό κΈΈκ² μ•“λ” νΈμ΄κ³  νλ ΄λ„ μμ—λ”λ° μ΄λ ‡κ² λΉ λ¥Έ μ§„ν–‰μ€ μ£Όλ³€μ—μ„ μ²μ λ΄„
13,2021-12-28 07:55:22+00:00,Yujin_030901,"μΈν›„μ—Ό λ„λ¬΄ μ‹¬ν•΄ λ©μ•„νμ„ λ¬Ό ν•λ¨κΈλ„ λ»λ§μ‹¬
μ£ΌκΈ°μ μΌλ΅ λ¦¬μ¤ν…λ¦°μΌλ΅ νΈλ„ κ°€κΈ€ μ–µμ§€λ΅ ν•λ”λ° μΉΌλ΅ νΈλ„ μ°λ¦¬λ” κ²ƒ κ°™μ€ κ³ ν†µμ΄λΌ λ’¤μ§κ±° κ°™μ
λ―Έκµ­ μ½”λ΅λ‚ λ•λ¬Έμ— μ΄μ •λ„λ΅λ” μ‘κΈ‰μ‹¤ λ»κ°
μ½”λ΅λ‚λ΅ κ±°μ μ£½κ±°λ‚ μ΄λ§μ•„μ•Ό μ‘κΈ‰μ‹¤μ—μ„ λ°›μ•„μ¤"
14,2021-12-28 07:07:11+00:00,xrfseoul,"μ•„λΉ λ” κΈ°μ €μ§ν™μ μ„ν—κµ°μΌλ΅ λ¶„λ¥λ κ±΄μ§€ μΈν›„μ—Ό, μ•½ν• ν›„κ° μƒμ‹¤ μ •λ„λ΅ ν° μ¦μƒμ€ μ—†μ§€λ§ 3μ‹μ— λ³‘μ›μ— λ“¤μ–΄κ°”λ‹¤ κ΄μ°®κ² μ¥.."
15,2021-12-28 03:12:58+00:00,Soyeonhwa,"... μ, μ  μ¥..
κ²¨μΈ μ™€μ„ λΈμ΄ λ§μ΄ μ•½ν•΄μ§€κ³  μκΎΈ μ•„ν””..;;
λ©΄μ—­λ ¥ μ €ν• μ‹ μ¤λ” λ¨λ“  λ³‘λ“¤μ΄ μ§€κΈ λ‹¤ λ‚«κΈ°λ„ μ „μ— μ΄ν‹€ κ°„κ²©μΌλ΅ κ²Ήκ²Ήμ΄ μ“μ΄κ³  μμ..

λ°©κ΄‘μ—Ό(νλ‡¨ λ•μ‹¬ν•¨)+μΈν›„μ—Ό+λκΊΌν’€λ–¨λ¦Ό+κµ¬λ‚΄μ—Ό

κ±°μ ν’€μ½¤λ³΄μ§€ μ•λ‚..

ν„Έμ¬λ¦¬νΌλ” κ°•μ ν™λ¶ λ‹Ήν•κ³ .. μ¶”μ„μ— λ„λ¬΄ μ·¨μ•½ν•΄μ„ νλ“¤κµ¬λ§"
16,2021-12-27 20:42:42+00:00,Yujin_030901,μΆ€ μ–µμΈν•κ² λ§μ¤ν¬ μ μ“°κ³  λ”°λ»ν•κ² μ μ…κ³  λ€λ¶€λ¶„ μ‹κ°„μ„ μ§‘κµ¬μ„μ—μ„ λ³΄λƒλ”λ°λ„ κ°‘μκΈ° λ©΄μ—­λ ¥ λ–¨μ–΄μ§€κ³  μ…λ²λ¦¬λ©΄ νΈλ„μ— ν•μ–—κ² μ—Όμ¦ κ°€λ“ν•κ² λ³΄μΌ μ •λ„λ΅ μΈν›„μ—Ό κ±Έλ ¤μ„ λ„λ¬΄ μ•„νμ£½κ² μ–΄.
17,2021-12-27 03:48:47+00:00,taetowel_23,μ•„ μΈν›„μ—Ό λ’¤μ Έλ²κ² λ† κΌ­ λ‚ μ‰΄ λ• μ΄λμ•Όκ² λ‹
18,2021-12-27 02:35:34+00:00,leezag_,"μ¤λλ μƒμ²λ¥Ό μΉμ ν•΄μ£Όλ©° λ¨λ“  ν–‰μ΄μ„ κ΄€μ¥ν•©λ‹λ‹¤. λν• μΈν›„μ—Ό, νΈν΅κΈ° λ¬Έμ , μ•λ λ¥΄κΈ°, νΈλ‘ν†µ λ° κ·€, μ½”, λ©κµ¬λ© λ° νλ¥Ό κ΄€ν†µν•λ” κΈ°νƒ€ μ‹ μ²΄μ  μ§λ³‘μ— λ„μ›€μ„ μ¤€λ‹¤κ³  μ•λ ¤μ Έ μμ§€μ”. λ¥λ¨Έν‹°μ¦μ΄λ‚ κ³µν™©λ°μ‘μ—λ„ μΆ‹λ‹¤λ” μ–κΈ°λ„ μμµλ‹λ‹¤. λ©΄μ—­ μ²΄κ³„λ¥Ό κ°•ν™”ν•κ³ , μμ–‘μ†λ¥Ό ν΅μν•λ„λ΅ λ•κΈ°λ„ ν•©λ‹λ‹¤"
19,2021-12-26 07:35:30+00:00,putongputong_m,ν•λ£¨μΆ…μΌ μ³ μλ‹¤κ°€ μ•„λ¶€μ§€ ν—¤μ–΄μ»· ν•΄λ“λ¦¬κ³  μ—Όμƒ‰λ„ ν•΄λ“λ¦¬κ³  λ‹¤μ‹ μΉ¨λ€μ— λ•κ³ .. μ—„λ§κ°€ μ €λ…μ— λ°©μ–΄ν μ‚¬μ¤€λ‹¤κ±° ν•΄μ„ μ‹ μ΄ λ‚κ³  μ¤λλ§μ— μ†μ£Όκ°μΈκ°€ ν•λ”λ° μ•„μ§λ„ μΈν›„μ—Όμ€ λ‚«μ§€λ¥Ό μ•κ³ . μ›λ μΈν›„μ—Ό μ μ• λ‚«λ‚μ”? μ΄λ΅μ°½μ— κ²€μƒ‰ν•λ‹ κ·Έλ ‡λ‹¤κ³  ν•λ‹¤.
20,2021-12-26 03:40:50+00:00,YY_31707,"@Miru_0322 μ•„κ³  γ… γ…γ… γ…  γ…  λ°©κΈ μ°Ύμ•„λ΄¤λ”λ° λ© μ•μ½ ν†µμ¦μ€ μΈν›„μ—Όλ•λ¬ΈμΌμλ„μμΌλ‹κΉ λ§μ΄ μ•„ν”„λ©΄ λ³‘μ›κ°€λ΄ γ… γ…γ… γ…  λ‚μ¤‘μ— λ” μ‹¬ν•΄μ§ μ–΄μΌ€,,, λ―Έλ£¨μ•„ν”κ±°μ‹λ¬ γ…γ… γ… "
21,2021-12-25 16:47:36+00:00,tkehdgur0001,"@Rr__aA01 λ³΄ν†µ μ €λ” μΈν›„μ—Ό
μμ£Ό κ±Έλ ¤μ„ μ΄λΉ„μΈν›„κ³Ό
μμ£Ό κ°€λ”λ° μΈν›„μ—Ό,νΈλ„μ—Όμ€
λ³΄ν†µ νƒ€μ΄λ λ†€ μ΄λ‘ μ†μ—Όμ§„ν†µμ 
μ²λ°©ν•΄ μ£Όμ‹λ” νΈμ΄μ—μ”
νƒ€μ΄λ λ†€ λ¨ΉμΌλ©΄ ν›¨μ”¬ λ μ•„νμ”
κ³„μ† μ•„ν”„λ©΄ ν‰μΌ μ¤‘μ— μ΄λΉ„μΈν›„κ³Ό
κ°€μ‹λ”κ±° μ¶”μ² λ“λ ¤μ”"
22,2021-12-25 01:58:31+00:00,hanyesoft,"μ‚¬μ‹¤ μΈν›„μ—Όμ— λΈμ‚΄μ΄μ—λ”λ° μ΅°μΉ΄μ•„κΈ°λ“¤μ΄ μ¨λ€μ„ μ‹κ²ν•κ³  ν‚¤νΈ μ‚¬μ™”λ κ²ƒ... κ³ λ¨κ°€ ν¬λ¦¬μ¤λ§μ¤μ— λ―ΌνλΌμΉλ©΄ μ•λμ§€. μ΅°μΉ΄λ“¤μ•„ κ±΄κ°•ν•κ² μλΌμ•Όμ§€λ€ π™
κ·Έλ¦¬κ³  μ—μ €λ… 8μ‹ λ°λ¶€ν„° μ•„μΉ¨μ— μΌμ–΄λ‚μλ§μ μ΅°μΉ΄μ•„κΈ°λ“¤ λ†€μ•„μ£Όλ” μ¤‘. κ³ λ¨ λ°©μ—μ„ λ‚κ°€μ§€λ¥Ό μ•μ γ…‹... μ–΄λ¦°μ΄μ§‘ μ„ μƒλ‹λ“¤ μ΅΄κ²½μ¤λ½λ‹¤"
23,2021-12-24 17:11:32+00:00,nowhereryan,@saeeunpaek @jALhYEjuN μ €λ” μ—­λ¥μ„± μ‹λ„μ—ΌμΌλ΅ μΈν• μ—­λ¥μ„± μΈν›„μ—ΌμΌλ΅ λ§ν•  λ• λ§λ‹¤ λ©μ†λ¦¬κ°€ κ°λΌμ§€κ³  κ°€λκ°€ λΌλ” λ“― λ©μ΄ νƒν• μ¦μƒμ΄ μ‹¬ν•λ‹µλ‹λ‹¤γ… 
24,2021-12-24 14:53:53+00:00,woorungTH,"λ™νμ™€ μ½”λ΅λ‚ κ±±μ •μΌλ΅ μ‰½κ² μ λ“¤μ§€ λ»ν•  κ²ƒ κ°™λ‹¤. μ—΄μ€ μ—†λ”λ°, μ•½κ°„μ λ©κ°κΈ° μ¦μƒ μ‹μ‘;;; μ—΄λ„ μ—†κ³  ν”Όκ³¤ν•  λ• λ λ°μƒν•λ” μΈν›„μ—Όκ°™μ§€λ§ μ¤λμ€ λ§μ΄ κ²λ‚¨β€¦"
25,2021-12-24 12:45:05+00:00,Luciel_Yoo,"Itβ€™s just common coldπ‚
μ¤λ―Έν¬λ΅  μ¦μƒ νƒ‘5
β€Άμ½§λ¬Ό
β€Άλ‘ν†µ
β€Άν”Όλ΅
β€Άμ¬μ±„κΈ°
β€ΆμΈν›„μ—Ό

μΌλ° κ°κΈ° μ¦μƒ νƒ‘5
β€Άμ½§λ¬Ό
β€Άλ‘ν†µ
β€Άν”Όλ΅
β€Άμ¬μ±„κΈ°
β€ΆμΈν›„μ—Ό https://t.co/T4lfN7dnQi"
26,2021-12-24 10:47:52+00:00,putongputong_m,μ„±λ‹Ήμ—μ„ μΈν›„μ—Ό μλ” μ‚¬λλ„ λ‚μ¤μ§€ λ§λΌκ³  λ¬Έμ μ΄. ..... κ±°μ λ‹¤ λ‚μ•μ§€λ§ κ° μƒκ° μ—†λ”λ°μ”. μ§‘μ—μ„ μ„±νƒ„λ―Έμ‚¬ λ“λ¦΄κΊΌλΌκµ¬μ”. λ–Όμ‰~
27,2021-12-24 08:38:31+00:00,2_5D_dmavy,μΈν›„μ—Όμ΄ λ„μ΅λ‚...
28,2021-12-24 02:43:23+00:00,vocabulary_loki,"the driver`s seat κ¶λ ¥μ μλ¦¬
public relations ν• μ΅°μ§κ³Ό μΌλ°μΈλ“¤κ³Όμ κ΄€κ³„
symptom μ¦μƒ,μ§•ν›„
stomach μ„,λ³µλ¶€
sore throat μΈν›„μ—Ό
rare λ“λ¬Έ
puzzle ~μ„ λ‹Ήν™©ν•κ² ν•λ‹¤
last μ§€μ†λλ‹¤"
29,2021-12-23 11:24:00+00:00,t_DR632,"A: νΈλ„μ„ μ΄ μ—†μ–΄λ„ λ©μ΄ λ¶“μµλ‹λ‹¤ 
V: μΈν›„μ—Όμ…λ‹λ‹¤ κ·Έλ¦¬κ³  νΈλ„λ” μ„μ•„λμ–‘μ† μ΄ 4κ°μ…λ‹λ‹¤ 
A: μ•„ νΈλ„κ°€ 2κ° λ” μμ—κµ°μ”
V: μ‰¬μ„Έμ”"
30,2021-12-23 09:34:52+00:00,ozzzzingGG,@gh126789 ν— μ­μ­λ‹λ„ μΈν›„μ—ΌμΌλ΅ κ³ μƒν•μ…¨μ—κµ°μ” ν‘ν‘ λ„µ κΌ­ κΈ°μ–µν•΄ λ‘κ³  μ‚­μ‚­ ν”Όν•΄κ°€λ³΄κ² μ”λ‹λ‹¤! https://t.co/tqBZQPoQTX
31,2021-12-23 09:33:12+00:00,gh126789,"@ozzzzingGG μ €λ‘ μΈν›„μ—Όμ™“μ„λ• λ¨Ήμ„μμλ”κ²κ±°μμ—†λ‹¤μ‹ν”Όν•΄μ„ μ°ΈκΈ°λ„λ¬΄νλ“¤μ—‡λ„¤μ”γ…λ‹¤λ¥Έκ±΄λ°λΌλ‘
μΉ΄νμΈλ§νΌμ΄λΌλ‘ ν”Όν•μ…”μ”~"
32,2021-12-22 21:14:37+00:00,7b4P4zntBb9P1Ix,"ν¬μΉ΄νμ— ν•΄μ™Έν‹°λ‹κ°€ μ¬λ¦° κΈ€ λ΄¤λ”λ°
λ‚λ„ κ·Έκ² λ„λ¬΄ κ±±μ •μ„ μ‚¬μ‹¤ λΉ„λ‹¨
λ―Έκµ­λΏλ§ μ•„λ‹λΌ μ–΄λλ„μ‹μ—μ„λ„
μ½”λ΅λ‚ μ„ν—μ€ λ„μ‚¬λ¦¬κ³ μκ³  λ¬Έμ λ”
κ·Έ μ¦μƒμ΄ μΈν›„μ—Όκ°™μ€ κ±°λΌλ‹ λ” κ±±μ •λκ³ 
κ·Έλ ‡λ‹¤κ³  ν λ‹¤ λ²λ ¤λ†“κ³  μ΄μ μ™€μ„ μ†ν•΄λ¥Ό κ°μν•κ³  λ‹¤μ‹ μ ‘κΈ°μ—” λ¦μ—κ³  ν•΄ν¬λ‚ μ½μ„νΈλ¥Ό λ»ν•λ‹¤λ©΄ .."
33,2021-12-22 13:37:34+00:00,lottoball0611,κΏ€μ ν¨λ¥μ΄ μΈν›„μ—Όμ— μΆ‹μ€ μμ‹μ΄λΌκ³ ? https://t.co/3nQmk7ONHr
34,2021-12-22 10:22:38+00:00,podoEee_,@duwkdlazz μΈν›„μ—Όμ‚¬νƒ•
35,2021-12-22 08:18:18+00:00,podoEee_,@llliOilll__ λ‚΄ μΈν›„μ—Όμ‚¬νƒ•...λ‚ μ΄κ±°λ¨Ήκ³ μ‹¶μ§€μ•μ•„γ… γ… 
36,2021-12-21 00:01:40+00:00,julylove80,"λ”Έλ¨ ν† μ λλ°­μ—μ„ μ‹¤μ»· λ†€κ³  κ°κΈ°κ°€ μ‹¬ν•΄μ Έμ„ μΈν›„μ—ΌμΌλ΅.. 
λ°¤μ—λ§ μ—΄ 38.3 ν•λ”λ‹ μ–΄μ   μ¤ν›„μ—λ„.. μ•„μΉ¨μ— μΌμ–΄λ‚μλ§μλ„ λ 38.3 γ…γ…
μ™μκΎΈ μ—΄λ‚λ”κ±°μ•Ό.. μ•½λ¨Ήμ 37λ΅ λ–¨μ–΄μ§
μ½”μ‹κµ­μ— μ¦λ§ μ΄λ² μ–Όμ§‘ν΄μν–‰μ‚¬λ”λ»κ°€κ² λ„¤ λ‚ λ¶€μ¤ν„° λ‚Όλ¨λ λ§λ”κ²ƒλ„ μ·¨μ†ν•΄μ•Όν•λ‚ γ…γ…"
37,2021-12-20 15:17:48+00:00,wheniamdancing,"μΈν›„μ—Όμ΄ μ μ  μ»¤μ§€λ” κ² λκ»΄μ Έ...
μ¤λ μ²μ λ°›μ•„λ³Έ λ°”λ””λ°λ€μ¤ μμ—…λ„ λ„λ¬΄ ν”Όκ³¤ν–μ–΄μ„ μ—μΉ λ° λ®μΉ λ“―..

μ„ μƒλ‹μ΄ λ§μ”€μ΄ λ„λ¬΄ λ§κ³  λ°•μ‚¬μ— λ¬΄μ¨ μ΄λ ¥ μ„¤λ…μ΄ μ¥ν™©ν•κ³  ν•μ•„.. μ–΄μ λ¶€ν„° κΈ° μ μλ“¤ μ‚¬μ΄μ—μ„ κ°λ ¤λ‚κ°€λ” κ·Ήλ‚΄ν–¥μΈμ€ λ³‘λ“¦"
38,2021-12-20 13:13:26+00:00,vocabulary_loki,"the driver`s seat κ¶λ ¥μ μλ¦¬
public relations ν• μ΅°μ§κ³Ό μΌλ°μΈλ“¤κ³Όμ κ΄€κ³„
symptom μ¦μƒ,μ§•ν›„
stomach μ„,λ³µλ¶€
sore throat μΈν›„μ—Ό
rare λ“λ¬Έ
puzzle ~μ„ λ‹Ήν™©ν•κ² ν•λ‹¤
last μ§€μ†λλ‹¤"
39,2021-12-20 07:00:37+00:00,gonysaid,μΈν›„μ—Ό μ•½ νƒ”μ—‰ κΈμ£Όν•κ»
40,2021-12-20 01:29:59+00:00,M2pepper,νΈλ„μ—Όμ΄λ‘ μΈν›„μ—Όμ΄λ γ…‹γ…‹γ…‹νγ… γ… γ…  λ°±μ‹ μ ‘μΆ…ν•λ” μ‚¬λλ“¤ λ§μ•„μ„ ν• μ‹κ°„ κΈ°λ‹¤λ Έμ μ‹λ°γ…‹γ…‹γ…‹γ…‹γ…‹γ…‹γ…‹γ…‹ νΈλ„μ—Ό μκΎΈ μƒκΈ°λ©΄ κ± μ κ±° μμ  ν•λΌλ”λ° μ—„λ§λ” ν•μ§€λ§λΌκ³ ν•¨
41,2021-12-20 00:28:59+00:00,Dr_manpsa,μ΄ν‹€ μΌμ° μ” κ²ƒλ§μΌλ΅ μΈν›„μ—Όμ΄ μ‚¬λΌμ΅λ”λ° μ™ μ΄λ° νλ³µλ ¥λ§ μΆ‹μ•„μ΅μ§€ λ‹¤λ¥Έ νλ³µλ ¥μ€ μ¬μ¬ ν•ν–¥μ„ΈμΈλ°
42,2021-12-19 07:43:32+00:00,vocabulary_loki,"the driver`s seat κ¶λ ¥μ μλ¦¬
public relations ν• μ΅°μ§κ³Ό μΌλ°μΈλ“¤κ³Όμ κ΄€κ³„
symptom μ¦μƒ,μ§•ν›„
stomach μ„,λ³µλ¶€
sore throat μΈν›„μ—Ό
rare λ“λ¬Έ
puzzle ~μ„ λ‹Ήν™©ν•κ² ν•λ‹¤
last μ§€μ†λλ‹¤"
43,2021-12-19 00:17:49+00:00,Dr_manpsa,μ•„μ  μΈν›„μ—Όβ€¦ μ–΄μ  μ €λ…λ¶€ν„° λλ‚ μ• μΆ‹λ”λ‹ μΌμ–΄λ‚λ‹κΉ ν‰ν‰ λ¶€μ–΄μλ„¤ μ™ μ§€ μ €λ… λ¨Ήμλ§μλ¶€ν„° λΈμ΄ κΉ”μ•„μ§€λ”λΌ
44,2021-12-18 21:11:47+00:00,HyemeeK,κ²°κµ­ μ—΄ν• λ… λ¨λ‘ ν™•μ§„. κΈ°μΉ¨ μΈν›„μ—Όμ΄ μ£Όλ μ¦μƒμ΄λΌκ³ . https://t.co/xK0kbIzFF4
45,2021-12-18 19:13:16+00:00,vocabulary_loki,"the driver`s seat κ¶λ ¥μ μλ¦¬
public relations ν• μ΅°μ§κ³Ό μΌλ°μΈλ“¤κ³Όμ κ΄€κ³„
symptom μ¦μƒ,μ§•ν›„
stomach μ„,λ³µλ¶€
sore throat μΈν›„μ—Ό
rare λ“λ¬Έ
puzzle ~μ„ λ‹Ήν™©ν•κ² ν•λ‹¤
last μ§€μ†λλ‹¤"
46,2021-12-18 09:27:23+00:00,sweetrollmuffin,μ—„λ§.. κ·Έλ§ λ¶€λ¥΄μ„Έμ”... μ € μ§„μ§ μκ³  μ‹¶μ–΄μ”!!!  μ–΄μ λ°¤ μΈν›„μ—Όκ³Ό κΈ°μΉ¨μ΄ λ©μ§€ μ•μ•„ μ μ„ λ»μ¤μ–΄μ”!!! γ… γ… γ… γ… γ… γ… γ… γ… γ… 
47,2021-12-17 16:49:44+00:00,hwanggomh,μ΄μ‹­λ€ μ΄μ¤‘λ°μ— μ¤νΈλ μ¤κ°€ λ„λ¬΄ μ‹¬ν•΄μ„ λ€μƒν¬μ§„μ— κ±Έλ Έλ”λ° ν¬μ§„μ΄ λ¨Έλ¦¬μ— λ‚μ„ μ–Όκµ΄ ν•μ½λ§ μ‹¬ν•κ² λ¶“κ³  λμ€ κ²°λ§‰μ—Ό μ¦μƒμ— κ·€λ„ ν†µμ¦μ΄ μ‹¬κ°ν•΄μ„ μ†λ¦¬μ§€λ¥΄κ³  μΈλ©΄μ„ λ§κ°ν–μ—λ‹¤. λ‚΄κ°€ μ•μΌλ΅ κ³„μ† μ“Έμμμ„κΉ ν–λ”λ° 1nλ…„μ€ λ” ν–λ„¤..λ‹¤μ λ§κ°μ—” μ ‘μ΄‰μ„±ν”Όλ¶€μ—Ό κ·Έλ’¤μ—” μ§€λ£¨μ„±ν”Όλ¶€μ—Ό μΈν›„μ—Όκ±Έλ Έμ
48,2021-12-17 10:45:03+00:00,Log2Fairy,"κΈ°μ‚¬μ— μ΄κΈ° λ¶„μ„ κ²°κ³Ό μ¤λ―Έν¬λ΅ μ μ¦μƒμ€ μ½§λ¬Ό, λ‘ν†µ, ν”Όλ΅, μ¬μ±„κΈ°, μΈν›„μ—Ό λ“±μ΄ μλ‹¤κ³  μ „ν–λ‹¤. λΌλ”λ°... λ§μ„±λ‘ν†µμΉλ£ μ¤‘μ— λΉ„μ—ΌμΌλ΅ μΈν• μ½§λ¬Όκ³Ό μ¬μ±„κΈ°, νμ‚¬λ΅ μΈν• λ§μ„±ν”Όλ΅, κΈ°κ΄€μ§€κ°€ μ•½ν•΄ λ λ‹¬κ³  μ‚¬λ” μΈν›„μ—Όμ„ κ°€μ§„ μ‚¬λ = λ‚λ” μ € μ¦μƒμ΄ λ‹¤ ν•΄λ‹Ήλλ”λ°... μ΄λ² μ¦μƒ λ¬΄μ¨μΌμ΄μ•Ό μ§„μ§..."
49,2021-12-17 07:54:09+00:00,vanessa_bjd,μ—­μ‹ μΈν›„μ—Ό....ν•­μƒ μ΄μ‹κΈ°μ―¤ ν•λ”λΌ
50,2021-12-17 05:33:41+00:00,goldNblack4646,@BiBi_RAM_R gjf..g ggjfν—......μ—­λ¥μ„± μΈν›„μ—Ό...γ…  μ—Όμ¦μ΄λ©΄ μ ...μ•λλκ±° μ•„λ‹κ°€μ”...? γ… ...κ°κ° μ–λ‚ μ•„μ  γ… γ…  μ•„μ΄κµ¬ μ–΄λ–΅ν•΄μ” λΉ„λΉ„μ¨.... νμ‰...
51,2021-12-17 04:33:18+00:00,callme_rrr,μ μ„ μ¶©λ¶„ν λ»μλ©΄ λ©΄μ—­λ ¥μ΄ λ–¨μ–΄μ§€κ³  λ©΄μ—­λ ¥μ΄ λ–¨μ–΄μ§€λ©΄ μΈν›„μ—ΌμΌλ΅ λ°μ „ν•΄λ²„λ¦¬λ” λ‚΄ λΈμ€ μ•„μ£Ό μ κΉλ§ μ°¬λ°”λμ„ λ§μ•„λ„ λ©μ΄ λ¶“κ³  μ”κΈ°μΉ¨μ΄ λ‚λ‹¤.. μ λ¦¬λΈμ΄ λ”°λ΅ μ—†μ–΄
52,2021-12-17 03:43:30+00:00,vocabulary_loki,"the driver`s seat κ¶λ ¥μ μλ¦¬
public relations ν• μ΅°μ§κ³Ό μΌλ°μΈλ“¤κ³Όμ κ΄€κ³„
symptom μ¦μƒ,μ§•ν›„
stomach μ„,λ³µλ¶€
sore throat μΈν›„μ—Ό
rare λ“λ¬Έ
puzzle ~μ„ λ‹Ήν™©ν•κ² ν•λ‹¤
last μ§€μ†λλ‹¤"
53,2021-12-16 23:13:23+00:00,vanessa_bjd,"μ•„ μΈν›„μ—Ό μΈκ±° κ°™μ€λ°π¤”
κ³ λ΅λ‚ κ²€μ‚¬λ¥Ό λ°›μΌλ¬κ°€μ•Ό ν•λ”κ°€ μ•„λ‹κ°€ λ°κ²ƒμ μ½§λ¬Όνν‹°λ‘ λ©μ΄μΆ€ μ•„ν”λ””"
54,2021-12-16 13:04:46+00:00,Dikaiper_723,"μ΄λ°μ κΈ°λ„

μ΄κ±΄ μ΄μ  μΈν›„μ—ΌμΈμ§€ κ°κΈ΄μ§€ λ¨λ¥΄κ² μ–΄
λ„λ° μ½§λ¬Όμ΄λ©΄ κ°κΈ° μ•„λ‹κ°€"
55,2021-12-16 12:06:47+00:00,KKJJ951,"μ–΄μ  μ λ¨Ήκ³  λ―Έμ„Έλ¨Όμ§€ μ”λ© λ§μ‹κ³  μΈν›„μ—Ό κ±Έλ¦° μΈκ°„
μΌ€μ΄ν¬ ν• μ… ν•κ³  μ‚¬μ§„ μ°λ”κ±° μƒκ°λ‚ μΈκ°„
μ¤λ λ© μ•„νμ„ μ΄λ™μ€ μ• κ°€λ†“κ³  μ½”λ…Έ κ°€λ” μΈκ°„ https://t.co/7ceSnNzKzd"
56,2021-12-16 11:38:26+00:00,Dikaiper_723,"λΈμ΄ μ¤νΈλ μ¤λ¥Ό λ°›μΌλ©΄ κ°μΈκΈ° 'μΈν›„μ—Ό'μ„ λ³΄μ—¬μ¤€λ‹¤

μ  μ¥"
57,2021-12-16 10:00:50+00:00,pajeon_twt,"μ λ¨Έκ²ƒμ„μ©  π™‡π»β€β™€οΈπ¤π‹ 
λ•λ¶„μ— μΈν›„μ—Ό λ‹¤ λ‚μ€ λ“― (ΰΉ‘β€ΆΜ€γ…‚β€ΆΜ)Ω .α https://t.co/VvugOdaIR8"
58,2021-12-16 07:53:38+00:00,Bee_chezmoi,@WhereisDignitas μ§€κΈ 12μ›” λ§¤μ¶λ•μ‹ λ€λ°• λΉ΅μ‹κ² μΌν•λλΌ κΈ΄μ¥μƒνƒμ΄λ‹¤κ°€ μ§€λ‚μ£Όμ— μ‚¬μ΄μ¨λ‹λ„¤ λ†€λ¬κ°“λ”λ‹ κΈ΄μ¥μ΄ νƒ ν’€λ ¤κ°€κΌ¬....κ·Έλ‚  μƒλ²½μ— μΈν›„μ—Όμ΄ μ¨κµ¬μ•Ό μΈν›„μ—Όμ΄ μ™”λ”λ‹ μ²¨μ— λ©μ΄ μ•„ν”„λ‹¤ μ§€κΈμ€ μ½”μ°”μ°”μ΄μ•Ό γ…‹γ…‹γ…‹γ…‹γ…‹
59,2021-12-16 07:46:44+00:00,Dikaiper_723,μ•„μΌμ½μΌμΌμΌκ±°μΌγ…΅γ…΅γ…΅ λ©μ΄ λ„λ¬΄ μ•„νμΈν›„μ—Όμ‹λ°
60,2021-12-16 06:16:52+00:00,qkralfm4_407,μ‚¬λ‘λ‹ λ λ°μ‘ν• μƒνƒμ—μ„ μΈν›„μ—ΌκΉμ§€ μƒκ²Όλ”λ° λ§λΌνƒ• λ¨ΉμΌλ‹κΉ μ¬λ°λ„¤..μ΄μ •λ„λ©΄ λ‚΄κ°€μƒκ°ν•΄λ„ μν•΄μ•„λ‹λƒ
61,2021-12-15 14:51:39+00:00,nowisbetter2,"μΈν›„μ—Ό, μΈν›„ν†µμ— μ€κµμ‚°μ΄ μ •λ§ μ λ“¤μ„κΉ? https://t.co/Qk5GYORI0n"
62,2021-12-15 14:36:45+00:00,tea_or_cha,μ΅°κΈ ν”Όκ³¤ν•κ³  κ³µκΈ°κ°€ λ§μ΄ λ‚λΉ΄λ‹¤λ‹ λ°”λ΅ μΈν›„μ—Όπ“
63,2021-12-15 01:43:19+00:00,leesibal93,"μ§€κΈ μ—­λ¥μ„± μΈν›„μ—Ό μ¨ κ±° κ°™μ• μ„ μ΄λ¬κ³  μλ” κ±°μ„.
γ„΄μ •μƒμ μΈ μ‚¬λμ΄λΌλ©΄ μ»¤ν”Όλ¥Ό μ¤„μ΄κ² λ‹¤κ³  μƒκ°ν•μ§€ μ•μ„κΉμ”?
γ„΄γ„΄μ•„λ§λ‹¤"
64,2021-12-15 01:25:42+00:00,leesibal93,μ—­λ¥μ„± μΈν›„μ—ΌμΈκ°€.... κ±΄κ°•μ—Όλ ¤μ¦ κ°™κΈ°λ„ ν•μ§€λ§ λ©μ—μ„ ν”Όκ°€ λ‚λ‹¤κµ¬μ—¬!! κ°€μ΄ν†µμ¦λ„ μ΄μ¨μ—¬!!
65,2021-12-14 23:40:12+00:00,elgssui,μΈν›„μ—ΌμΌλ΅ λ’¤μ§κ²ƒ κ°™λ„¤
66,2021-12-14 15:05:32+00:00,0613_Euns7,μΈν›„μ—Ό+νΈλ‘ν†µ+λ©κ°κΈ° ν•κΊΌλ²μ— μ‹λ° https://t.co/TaAUdg6PWN
67,2021-12-14 06:41:04+00:00,littleuniverse_,"κΈμ”μΌ μ¤μ „: μ•„κΈ°λ¶„ μ•½κ°„ μ½§λ¬Ό κΈ°μΉ¨
κΈμ”μΌ μ¤ν›„: μ•„κΈ°λ¶„ μ½§λ¬Ό+λ‘¥λ‘¥μ΄ μ•½κ°„ μ½§λ¬Ό
ν† μ”μΌ: μ†μ•„κ³Ό κ°”λ‹¤κ°€ μ¥μ„ μ”λ© λ³΄κ³  λ²„μ¤νƒ€κ³  κ·€κ°€
μΌμ”μΌ: λ‚λ„ μ•½κ°„ λ©μ΄ μ•„ν’
μ›”μ”μΌ: λ‚ μΈν›„μ—Ό+μ½§λ¬Ό, μ•„κΈ°λ¶„ μ•„μ§λ„ κΈ°μΉ¨μ½§λ¬Ό, λ‘¥λ‘¥ κ΄μ°®μΌλ‚
&gt;&gt;μ μΉμ› ν™•μ§„μ λ°μƒ&lt;&lt;"
68,2021-12-14 06:34:11+00:00,jjkook_honey,@gateau_bleu π¤’ μΈν›„μ—Ό μ €λ„ μμ£Ό κ±Έλ ¤μ„ μ•μ•„μ” λ© μ•„ν”κ±° λ„ μ‹«μ€λ°~~  λ¬Ό λ§μ΄ λ“μ‹κ³  ν‘Ή μ‰¬μ„Έμ”  κ·Έλμ•Ό κ·Έλ‚λ§ μΌμ° λ‚«λ”λΌκµ¬μ”π―π’
69,2021-12-14 04:48:51+00:00,ryokoarmy,@magic7cafe μ κ°€ λ©μ„μ“°λ”μ‚¬λμ΄λΌ μΈν›„μ—Όμ΄ λ―ΈμΉ€λ“―μ΄ μ¤λ”λ°μ”..π­ μ •λ§ κ΄€λ¦¬μν•μ…”μ•Όν•΄μ” γ… γ…  λ”°λ»ν•λ¬Ό λ‹¬κ³ κ³„μ…”μ” νλ“¤λ©΄ λ§κ±°λ„ λ§κµ¬μ” γ… 
70,2021-12-14 04:35:39+00:00,magic7cafe,@ryokoarmy μµκ·Όμ— κ΄μ°®μ•„μ„ λ°©μ‹¬ν–λ‚λ΄μ” γ… γ…  μΈν›„μ—Ό.. λ„λ¬΄ μ‹«μ–΄μ” γ… γ… 
71,2021-12-14 01:57:24+00:00,MsLee_6000,"@gateau_bleu μ•™λ€ μ•™λ€
νμ‰
μΈν›„μ—Ό λ‚λΉ μ” γ… γ… "
72,2021-12-14 01:11:08+00:00,__autumn______,μ–΄λΌλ  μΈν›„μ—Όμ€ κ΄μ°®μ•„μ Έμ¨μ”???
73,2021-12-14 00:48:01+00:00,xfile_lol_,μ‚Όμ‹¤ ν™•μ§„μμ μ „ν™”λ°›μ•λ”λ° μΈν›„μ—Ό κ°™μ€ ν†µμ¦μ΄ μκ³  μ‹¬ν•κ² μ•“κ³  μμ§€ μ•μ€ λ¨μ–‘. μ£Όλ―Όμ„Όν„°μ—μ„ λλ΄„ λ…Έλ™ ν•λ‚ λ΄„. λ§μ¤ν¬ μ§„μ§ μ• λ²—λ” μ‚¬λμΈλ° μ–΄λ–»κ² κ°μ—Όλμ—λ‚ λμ§μ–΄ λ³΄λ©΄ ν† μ”μΌμ— κ°μ—Όμμ™€ λ§λ‹΄λ°° ν”Όμ› λ‹¤κ³ . μ  λ§μ‹κ³  μ—¬κΈ°μ €κΈ° λ‹¤λ‹λ” μΈκ°„λ“¤μ„ λ©€λ¦¬ν•λΌλ” μ΅°μ–Έ μ²¨κ°€... λ„λ‚ μ ν•μ„Έμ”.
74,2021-12-13 13:27:55+00:00,Luminous_18_,"[λ„¤μ΄λ²„ λΈ”λ΅κ·Έ]
κ°‘μκΈ° λ©μ΄ μ•„ν”„λ‹¤λ©΄? μΈν›„μ—Ό μ£Όμ” μ¦μƒ λ° μ›μΈκ³Ό μΉλ£
https://t.co/inrHtwODxC"
75,2021-12-13 13:27:48+00:00,Young30147326,"[λ„¤μ΄λ²„ λΈ”λ΅κ·Έ]
κ°‘μκΈ° λ©μ΄ μ•„ν”„λ‹¤λ©΄? μΈν›„μ—Ό μ£Όμ” μ¦μƒ λ° μ›μΈκ³Ό μΉλ£
https://t.co/gSGVPRWENJ"
76,2021-12-13 13:27:43+00:00,7lh5ro,"[λ„¤μ΄λ²„ λΈ”λ΅κ·Έ]
κ°‘μκΈ° λ©μ΄ μ•„ν”„λ‹¤λ©΄? μΈν›„μ—Ό μ£Όμ” μ¦μƒ λ° μ›μΈκ³Ό μΉλ£
https://t.co/TbefpKRHxg"
77,2021-12-13 13:27:38+00:00,dzp6D2ECTaVacQa,"[λ„¤μ΄λ²„ λΈ”λ΅κ·Έ]
κ°‘μκΈ° λ©μ΄ μ•„ν”„λ‹¤λ©΄? μΈν›„μ—Ό μ£Όμ” μ¦μƒ λ° μ›μΈκ³Ό μΉλ£
https://t.co/p13IIi2ehI"
78,2021-12-13 09:19:06+00:00,Dazzling_TAEM,"@7HINee_ μ–΄μ  λ–΅λ³¶μ΄ μ„ΈνΈ μ‹μΌμ„ μ–‘μ΄ λ§μ€λ°
λ‚¨κΈ°κΈ°λ„ μ• λ§¤ν•΄μ„ κΎΈμ—­κΎΈμ—­ λ¨Ήμ—λ‹¤
κΈ‰μ²΄ν•΄μ„ κ·Έλƒ¥ λ²„λ¦΄κ±Έ κ·Έλ¬λ‹¤ μƒκ°ν–μ–΄μ”γ… γ… 

μ¤λμ€ λ‚ λ„ μ¶”μ΄λ° λΉμΉΈλ‹λ„ κ°κΈ°μ΅°μ‹¬ν•μ„Έμ”

μ§€λ‚μ£Όμ—” μΈν›„μ—ΌμΌλ΅ κ³ μƒν–λ”λ° λ©μ— μ—Όμ¦λ•μ— κ·€κΉμ§€ μ•„νμ„ μ—„μ²­ κ³ μƒν–μ—κ±°λ“ μ” γ… γ… "
79,2021-12-13 04:59:10+00:00,FruitWangler,"1μ°¨
μΈν›„μ—Όμ΄ ν„°μ Έμ„ 5μΌκ°„ λ°¥μ„ λ»λ¨Ήμ
2μ°¨
μΈν›„μ—Όμ΄ λ ν„°μ§
3μ°¨
μ•„λ§λ„?"
80,2021-12-12 22:46:27+00:00,Bee_chezmoi,κ³¶ν†µμ μΈν›„μ—Ό... λ°¤μƒ μΌλ΅κ±°λ¦¬λλΌ μ λ€λ΅ μ” κ²ƒ κ°™μ§€κ°€ μ•λ„¤ μ•½λ°λ΅ 6-10μ‹ μ” κ²ƒ λ•μ— κ·Έλ‚λ§ μΌμ–΄λ‚ λ“―
81,2021-12-12 13:17:38+00:00,01150412_,μ¤ν”„λ μ΄ν• λΉ„μ—Όμ΄λ‚ μΈν›„μ—ΌμΉλ£μ λ” κΌ­ μ²λ°©λ°›μ•„μ„ μ“°κΈΈ λ°”λΌ
82,2021-12-12 12:38:05+00:00,xylitol411012,"μ„λ„μμ™“μΈ μΈλ§λ°±μΈλ°
μΈν›„μ—ΌμΉλ£μ  μ¶©μ „κΈ° μΉ«μ†”ν†µ ν–¥μ λΌν¬ν‹°μ…€μ„ μ¤ν‹±
λ‹¤μ„―κ°λ§λ³΄μ—¬μ¤€κ±° λ„λ¬΄μ•„μ‰½λ‹¤
λ¶€λ„λ¬μ°μ‹λ©΄ μ κ°€ λ€μ‹  κ³µκ°ν• ν…λ‹κΉ κ°€λ°©λ§μΆ€ https://t.co/h4C48za9hP"
83,2021-12-12 12:31:05+00:00,fixedstarz,"SHOW ME YOUR BAG #μ„ μ° 

- λ©μ— λΏλ¦¬λ” μ¤ν”„λ μ΄ (μΈν›„μ—Ό μΉλ£μ )
- μ¶©μ „κΈ°
- μΉ«μ†”&amp;μΉμ•½
- ν–¥μ
- λΌν¬ν‹°μ…€ μ„ μ¤ν‹±

π’Ό https://t.co/JPNlcm3vKQ https://t.co/DC53GuGIkt"
84,2021-12-12 12:29:09+00:00,luvszun,"μ™“μΈ μΈμ„λ„λ°±

-μΈν›„μ—Ό μΉλ£μ 
-μ¶©μ „κΈ°
-μΉ«μ†”μΉμ•½μ„ΈνΈ
-ν–¥μ
-λΌν¬ν‹°μ…€ μ„ μ¤ν‹± https://t.co/CyXbFYmEKf"
85,2021-12-12 12:27:08+00:00,teum_m,"#μ„ μ° μΈλ§μ΄λ°±
- μΈν›„μ—Ό μΉλ£μ  λ©μ•¤ 
- μ¶©μ „κΈ° 
- λΌμ΄μ–Έ μΉ«μ†”ν†µ
- μ•„μΏ μ•„ λ”” νλ¥΄λ§ ν–¥μ 
- λΌν¬ν‹°μ…€ μ„ μ¤ν‹± https://t.co/kaSJjP7cxp"
86,2021-12-12 12:26:32+00:00,412bbi,"μ„ μ°μ μ™“μΈ μΈλ§μ΄λ°± 

μΈν›„μ—Ό μΉλ£μ 
μ¶©μ „κΈ°
μ–‘μΉλ„κµ¬
ν–¥μ
λΌν¬ν‹°μ…€ μ„ μ¤ν‹± https://t.co/nv408iesXc"
87,2021-12-12 12:25:21+00:00,1ikesun,"μκΈ° λΈμ€ μκΈ°κ°€ μ±™κΈ°λ” ..
μΈν›„μ—Ό μΉλ£μ λ„ μ±™κ²¨λ‹¤λ‹λ” ..
μ•Όλ¬Όλ”±μ Έ .. μ•„ν‘Έμ§€λ§ μ„λ„μ•Ό .."
88,2021-12-12 12:24:19+00:00,Bear_mood,μΈν›„μ—Ό μΉλ£μ  λ­μ•Ό λ§μ μ•„νΌμ‰ μ•„ν”„μ§€λ§μ–΄ γ…
89,2021-12-12 12:19:56+00:00,flf_sadam,μ„ μ°μ μΈν›„μ—Όμ¤ν”„λ μ΄ https://t.co/6efAkqUtXD
90,2021-12-12 12:19:30+00:00,bestluvsun,"SHOW ME YOUR BAG #μ„ μ° 

1. μΈν›„μ—Ό μΉλ£μ 
2. μ¶©μ „κΈ°
3. μ–‘μΉλ„κµ¬
4. ν–¥μ
5. λΌν¬ν‹°μ…€ μ„ μ¤ν‹± https://t.co/107eAmiSTc"
91,2021-12-12 12:19:06+00:00,yapaching,"μΈν›„μ—ΌμΉλ£μ 
μ¶©μ „κΈ°
μΉμ•½μΉ«μ†”
ν–¥μ &lt;- λ„λ¬΄μμ™Έμμ•„μ΄ν…;;;;
λΌν¬ν‹°μ…€μ„ μ¤ν‹± https://t.co/m4lkKMwfcp"
92,2021-12-12 12:17:12+00:00,flf_sadam,"κ·Έμ™Έ μ„ μ°μ μ™“μΈ μΈλ§μ΄λ°±
- μΈν›„μ—Ό μΉλ£μ 
- ν΄λ€ν° μ¶©μ „κΈ° (λ³΄μ΅°λ°°ν„°λ¦¬μ¶©μ „κ·€μ°®μ•„μ„)
- μ–‘μΉμ„ΈνΈ
- λΌν¬ν‹°μ…€ μ„ μ¤ν‹± https://t.co/Kv2fcysJXQ https://t.co/qJUX8lz0nT"
93,2021-12-12 12:16:05+00:00,_TBZLover,μ΄κ±΄ λ³Έκ²ƒλ„ μ•λ³Έκ²ƒλ„ μ•„λ‹μ•Ό μΈν›„μ—Ό μ¤ν”„λ μ΄κ°€ μΈμƒκΉλ„¤ https://t.co/wpDlVeSsgn
94,2021-12-12 12:11:47+00:00,yesimtheb,"κΉ€μ†¨λ„ μ™“μΈ μΈλ§μ΄λ°±
μΈν›„μ—Ό μΉλ£μ 
μ¶©μ „κΈ°
μΉ«μ†”(μΉμ•½μ€ λ‰΄ ν• κ±°, λΉλ¦° κ±΄λ° λ‡ μ£Ό λ™μ• μ• μ£Όκ³  μμ)
ν–¥μ
λΌν¬ν‹°μ…€ μ„ μ¤ν‹±"
95,2021-12-12 05:27:50+00:00,dangerousshop,"μ΄κ² μ§€κΈκΉμ§€μ μΈν›„μ—Όμ΄λΌλ©΄ λ‹Ήμ—°ν μ–΄λ§μ–΄λ§ν• κΈ°μΉ¨ κ°€λκ°€ λ™λ°ν•΄μ•Ό ν•λ”λ°, κ·Έλ° κ²ƒ μ—†μ΄ λ©λ§ λ¶€μ–΄μ„ λ¬Όμ΅°μ°¨ μ‚Όν‚¬ μκ°€ μ—†μ—λ‹¤. κ·Έλμ„ μ΄λΉ„μΈν›„κ³Ό λ¨Όμ € λ“¤λ Έλ‹¤κ°€ ν•μμ› κ°€μ„ μΉ¨μ„ λ§κ³  μ‹μ‚¬ μ¥μ†λ΅ κ°€λ”λ° μ΄λ¬λ‹¤κ°€ κΈΈκ±°λ¦¬μ—μ„ μ“°λ¬μ§€λ” κ²ƒ μ•„λ‹κ°€ μ‹¶μ—..."
96,2021-12-12 03:38:46+00:00,purpledog911,@yynami μ €λ” μΈν›„μ—Όμ— κ±Έλ¦° μƒνƒλΌ μ •λ§ μ–‘μ„± λ‚μ¤λ” μ¤„ μ•κ³  μ™„μ „β€¦γ… γ…  μ°Έ..μ΄κ² λ­” μΌμΈμ§€ λ¨λ¥΄κ² μ–΄μ”. 2λ…„μ§Έ κ²μ–΄λ„ ν„μ‹¤κ°™μ§€ μ•μ•„μ”.
97,2021-12-12 03:11:37+00:00,purpledog911,μΈν›„μ—Ό λ•μ— ν•­μƒμ  λ¨Ήμ–΄μ„ κ·Έλ°κ°€..μ΄ λ³€λ³€μΉ λ»ν• μ¥μ•„..
98,2021-12-12 01:47:54+00:00,leafyeon,"μ–΄μ ―λ°¤ μκΈ° μ „μ— μ—΄ μ—†μ΄ λ©μ΄ λ μ°Άμ–΄μ§€λ” λ“― μ•„νμ„, κ°κΈ°μΈκ°€ μ½”λ΅λ‚μΈκ°€ λ¬΄μ„μ›ν•λ©° κ°€μµκΈ° λΉµλΉµ ν‹€κ³  μ¤λ”λ°, μƒκ°ν•΄λ³΄λ‹ μµμ™ν• μ΄ λλ‚μ€ μ—­λ¥μ„± μΈν›„μ—Όμ΄λ‹¤. μΌμ‚° λ¶€λ¨λ‹ λ κ°”λ‹¤ μ¤λ©΄ λ†’μ€ ν™•λ¥ λ΅ μ΄λ¬λ”λ°, μƒκ°ν•΄λ³΄λ‹ μλ‹¤λ¥Ό λ–¨μ–΄μ„. λ©΄μ—­λ ¥ λ–¨μ–΄μ§„λ°λ‹¤ λ©μ— μκ·Ήμ΄ μ‹¬ν–λ κ²ƒ κ°™λ‹¤."
99,2021-12-11 12:54:56+00:00,Dal_ring_,μ–΄λΌμ•Ό μΈν›„μ—Όμ΄λ‘μ€ λΉ μ΄ν–μ–΄???
100,2021-12-11 10:43:25+00:00,vocabulary_loki,"the driver`s seat κ¶λ ¥μ μλ¦¬
public relations ν• μ΅°μ§κ³Ό μΌλ°μΈλ“¤κ³Όμ κ΄€κ³„
symptom μ¦μƒ,μ§•ν›„
stomach μ„,λ³µλ¶€
sore throat μΈν›„μ—Ό
rare λ“λ¬Έ
puzzle ~μ„ λ‹Ήν™©ν•κ² ν•λ‹¤
last μ§€μ†λλ‹¤"
101,2021-12-11 04:19:06+00:00,srovej_9743,"18.
λ³Έμ§„λ“¤ κ±΄κ°•λ§ν•΄λΌγ… .γ… 
μΈν›„μ—Ό λμ‹λ”°μ‹"
102,2021-12-11 03:40:55+00:00,pyunhangaha,"λ‚ μ½”λ΅λ‚ 3μ°¨κΉμ§€ λ§λ”λ™μ• ν•λ²λ„ μ• μ•„ν λ‹¤. ν”λ„ μ• μ•„ν μ–΄. κ·Έλ¦¬κ³  μ§€κΈκΉμ§€ λ…κ°μ£Όμ‚¬ λ§κ³  μ•„ν” μ λ„ μ—†κ³ , λ…κ°μ— κ±Έλ¦° μ λ„ μ—†μ§€. ν•μ§€λ§ μΈν›„μ—Όκ³Ό λΉ„μ—Όμ€ λ‹¬κ³  μ‚΄μ•„..."
103,2021-12-10 18:50:47+00:00,VRrolling_stone,"λ©μ†λ¦¬ λ‚΄κΈ°λ„ λ²„κ±°μ›μ„, ν‰μ„±μ„ κ·Ήν•κΉμ§€ λ‚΄λ ¤ ν›„λ‘λ¥Ό λ‚΄λ¦¬κ³  λ‹¨μ „μ„ μ΅μΌλ©΄ λ‘ λ¬Έμ¥μ€ λ§ν• μ μλ‹¤
κΈ°μΉ¨μ΄ λ©μ¶”μ§€ μ•μ•„
μ  μ¥ μ‹λ°λ†μ μΈν›„μ—Ό"
104,2021-12-10 15:03:41+00:00,HSH_HS_SHN,"μ§„μ§ λ¬Έμ λ” μ§€κΈλ¶€ν„°μ„......
μ•μ„ λ§ν–λ‹¤μ‹¶μ΄ λ‚ μ‚¬μ΄κ³Ό λ°¤μƒ μ λ¨Ήκ³  μλ‹¤λ–¤μƒνƒμ— κ·Έ μ μ‹¬κΉμ§€ μ—΄μ¤λ¥΄κ³Έγ…‹ μΈν›„μ—ΌμΈκ°€λ΅ κ³ ν†µλ°›κ³ μμ—κΈ°λ•λ¬Έμ— μ§„μ§... μ§„μ§... μ΅ΈλΌ ν”Όκ³¤ν–κ±°λ“  κ·Έλμ„ ν—‰!!ν•κ³  λλ¨κ³  κ°μλ§μ λ‹¤μ‹μ¤γ…‹γ…‹μγ…‹γ…‹γ…‹γ…‹γ…‹γ…‹γ…‹μ•„μ§„μ§ μ–΄μΊ..ν• μκ°€μ—†λ”λΌ.."
105,2021-12-10 11:54:59+00:00,VRrolling_stone,"μ§€κΈ λ‚΄κ°€ μΈν›„μ—ΌμΈμ§€ νΈλ„μ—ΌμΈμ§€λ΅ κ³ μƒν•λ‹κΉ

νλ¥΄λ„· λΈ”λ‘μΉ΄ λ§μ‹¬ λλ”κ±°μ§€?"
106,2021-12-10 09:49:12+00:00,BeingAsked,"μΈν›„μ—Όν•­μƒμ +κ³Όλ΅
=μ§μ—Όμ—”λ”©"
107,2021-12-10 08:16:57+00:00,HosimTamTam,@hanulsun γ…‡γ…‚γ…‡ μ•λ…• μƒμµ μΈν›„μ—Ό ν™μ λ¨κ·Έμ•ΌμΏ λ½€.
108,2021-12-10 07:06:34+00:00,4golmock2,"νΈμΉ λ‹λ..λ©μ„ λ”°λ»ν•κ² ν•κ³ λ‹¤λ‹μ„Έμ”..
λ©μ„ λ”°λ»ν•κ²λ§ ν•΄λ„ μΈν›„μ—Όμ— κ±Έλ¦΄ ν™•λ¥ μ΄ λ‚®μ•„μ§‘λ‹λ‹¤...
μ €λ” μΈν›„μ—Όμ— κ±Έλ¦°κ²ƒ κ°™μ€λ°, λ©λ„λ¦¬ λ²—μΌλ©΄ κΈ°μΉ¨μ„ λ§‰ν•΄μ„... μ¤ν•΄λ°›κΈ° μΆ‹μ•„μ Έ λ²„λ Έλ‹µλ‹λ‹¤..."
109,2021-12-10 05:54:02+00:00,julie_withU,μΈν›„μ—Ό λ²μ¨ λ‚«κ³  μμ–΄μ„ μ½”μ„ΈκΈ€μλ” μ•„λ‹ κ²ƒ κ°™μ€λ° νΉμ‹ νλΌμΉ κΉλ΄ ν‘ λ†¨λ”λ‹ ν–„λ””μ•΅ μ™ μ¤λ νμ°¨ ν•μλ¦¬λ„ μ•λ‚κ°„κ±°μ•Ό λ§μ μ•„ν”„κ²γ… γ… μ¤λ pcr κ²€μ‚¬λ§ μ•λ°›μ•μ–΄λ„ κ°€λ”κ±΄λ° μ¬ν”„λ‹¤
110,2021-12-10 04:48:19+00:00,PervVerb,"@silomab μ°¬κ³µκΈ° μ¬κ³ λ‚μ„ μΌμ¬μΌμ¬ν• λ‹¤μλ‚  λ‚®μ—” κ΄μ°®μ€λ° μ•„μΉ¨μ €λ… μ½”λ©μ—°κ²°λ¶€μ„ κ±΄μ΅° μΉΌμΉΌν•κ³ , λ¶€μ–΄μ„ μΆμ•„μ§„ κ²ƒ κ°™κ³  μ—΄/λΈμ‚΄λ„ λ‚κ³  λ©”μ¥κ±°λ¦¬κΈ°λ„.
κ΄μ°®μ•„μ§€λ©΄μ„ μ½§λ¬Όμ½”λ§‰νμ¬μ±„κΈ°κ°€λ. κΈ°μΉ¨μ€ μ‹¬ν•μ§€ μ•μ€λ° κ³„μ† μ΅°κΈμ”© λ°¤μ— μΆ€λ”. λ¨Έλ¦¬λµν•κ³  λμ£Όλ³€ μ—΄κ°μκ³  μ—΄ μ¬λ©΄ 37λ„.
λ°”μ΄λ¬μ¤μ„±μΈν›„μ—Ό=κ°κΈ°"
111,2021-12-09 22:58:54+00:00,JIROOSI__S2_,μΈν›„μ—Ό μλ”κ±°κ°™μ€λ° μ•½λ¨Ήκ³  ν‘Ήμκ³  κ·Έλ¬λ”λ°λ„ μ•…ν™”λλ”κ±°κ°™μ γ……γ…‚
112,2021-12-09 18:43:16+00:00,vocabulary_loki,"the driver`s seat κ¶λ ¥μ μλ¦¬
public relations ν• μ΅°μ§κ³Ό μΌλ°μΈλ“¤κ³Όμ κ΄€κ³„
symptom μ¦μƒ,μ§•ν›„
stomach μ„,λ³µλ¶€
sore throat μΈν›„μ—Ό
rare λ“λ¬Έ
puzzle ~μ„ λ‹Ήν™©ν•κ² ν•λ‹¤
last μ§€μ†λλ‹¤"
113,2021-12-09 14:59:45+00:00,dlngdangdong,μΈν›„μ—Ό λμΉκ» μ‚¬λΌμ ΈλΌ μ–... https://t.co/98Vl6x4RCf
114,2021-12-09 14:07:28+00:00,menyou318,"μΈν›„μ—Ό.
κ°€λ§μ•λ‘¬. https://t.co/D2u9kwUNrq"
115,2021-12-09 13:58:59+00:00,__autumn______,μΈν›„μ—Όμ— λ­κ°€ μΆ‹λƒ
116,2021-12-09 13:55:45+00:00,Dal_ring_,γ… γ… γ… γ… γ… γ… γ… γ… γ… γ… γ… γ…  μΈν›„μ—ΌμƒλΌ μΌλ΅μ™€
117,2021-12-09 13:45:24+00:00,peapq,"μκΈ° κ°κΈ°λ” μΈν›„μ—Όμ΄λΌμ„ μ•μ®κΈ΄λ‹¤λ©΄μ„(???? μ†μ—μ„ κΈ°μΉ¨μ„ ν•΄λ”μ—λ”λ° λ‚ν•ν… μ®κ²ΌκΈ°λ§ ν•΄λ΄ μ§„μ§ κ°€λ§μ•λ‘”λ‹¤. μ§€κΈ λ©μ΄ μ΅°κΈμ”© λ”°κ°‘λ‹¤κ³ γ…΅.,γ…΅"
118,2021-12-09 04:33:23+00:00,Robin_Theatre,κ·Έλμ„ λΈμ›¨ λ°°μ°λ“¤ λ³΄λ©΄ λ€κΈ°μ‹¤μ—μ„ κ·Έ μ†μ•„κ³Όλ‚ μ΄λΉ„μΈν›„κ³Όμ—μ„ λΉ„μ—Όμ΄λ‚ μΈν›„μ—Ό μΉλ£ν•  λ• μ“°λ” κ·Έλ° κΈ°κ³„(μ΄κ±° λ­λΌ λ¶€λ¥΄λƒ) λΉ„μ·ν• κ±°λ΅ μ¤ν€ μ§λΉµμΌλ΅ μμ–μ•„μ”
119,2021-12-09 03:08:13+00:00,calmo76,λ‚λ” κ°€μ„λ¶€ν„° μΌ μ£ΌμΌ μ¤‘ 4~5μΌμ€ κ°κΈ°λΈμ‚΄ μ»¨λ””μ…μ΄κ³  ν• λ‹¬μ— ν• λ‘λ²μ€ μΈν›„μ—Όμ„ λ™λ°ν• κ°κΈ°μ— ν•­μƒμ λ¥Ό λ¨Ήλ”λ‹¤. κ°€μ΅±λ ¥μΌλ΅ μ¨κ°– μ§λ³‘λ„ λ§κ³  λ…κ° λ°±μ‹ μ—λ„ μ¨ λΈμ΄ λ„λκ±°λ¦°λ‹¤. κ·Έλμ„ λ” μ—΄μ‹¬ν λ°±μ‹ μ„ μ°Ύμ•„ λ§λ”λ‹¤. λ°±μ‹  λ¶€μ‘μ©μ΄ 10λ…„ λ’¤μ— λ‚μ¬ μ μλ‹¤κ³ ? μ°λ¦¬λ” λ‚΄μΌλ„ λ°λΌβ€¦
120,2021-12-09 01:28:20+00:00,sprint82,"μ·μ¥μ•”μµκ³ λ…μ•½,μ•”μ„Έν¬λ§μ„ νκ΄΄ν•λ” λΉ„λ‹¨ν’€ν¨λ¥.λ¨Ήλ”λ²•.κ³¨μμ•”,μ„μ•”,μ•”μΉμ ,μ„μ—Ό λ€μ¥μ—Ό,μκ¶μ¶ν,μ‚¬λ§κ·€μ κ±°,μ‡λΈμ—Όμ¦,μΈν›„μ—Ό,μ§€νμ‘μ©,μ‹ μ¥λ³‘ μ”λ΅κ²°μ„μ— ν¨λ¥λ°νν•λ” λΉ„λ‹¨ν’€ν¨λ¥.Β γ https://t.co/Cpg8XJJUwa"
121,2021-12-08 13:28:57+00:00,spooh0616,"@he0808ro νμ—‡ μ΄λ² μΈν›„μ—Όμ΄ κΈΈκ² μ¤λκ°€λλ°..
κ°€μµκΈ°λ‚ μ –μ€ μκ±΄ κΌ­ λ‘κ³  μ£Όλ¬΄μ‹κ³  λ”°λ»ν• λ¬Ό μμ‹λ΅ λ“μ„Έμ”γ…
κΈ°μΉ¨μκΎΈλ‚μ…”μ„ μ–΄λ©ν•΄μ”π°
μ£Όλ³€λ„ μ‹ κ²½μ“°μ΄μ‹κ² μ–΄μ”.
κ°€λ¥ν•μ‹λ©΄ λΏλ¦¬λ” ν”„λ΅ν΄λ¦¬μ¤λ‚ μ‚¬νƒ•λ¨ΈκΈμ–΄ λ³΄μ‹κµ¬μ”.
μ£Όλ¬΄μ‹κΈ°μ „ 3%μ†κΈλ¬Ό(μ£½μ—Όμ)κ°€κΈ€μ¶”μ²ν•΄μ”π·"
122,2021-12-08 11:20:36+00:00,_yuuuuul_,"μΈν›„μ—Ό κ±Έλ ¤μ„ μ•½μΌλ΅ κ°€κΈ€ν–λ”λ°

ν€λμ΄ λ§¨λ“¤ν•΄μ§„κ²ƒκ°™μβ€¦β€¦β€¦"
123,2021-12-08 11:08:37+00:00,__BuRi,@sottaeng γ…γ…μ¤μ΄ μΈν›„μ—Ό μ•„μ§μΈκ°€μ”γ… γ… γ… γ…  μ•„μ΄κµ¬μ•Όβ€¦ μ¤μ΄μ•Ό μ•„λΉ ν•ν… μ®κΈ°κ³  μ‹Ή λ‚«μ!
124,2021-12-08 09:22:10+00:00,julie_withU,λ©μ΄ λ„λ¬΄ μ•„νμ„ μ½”μ„ΈκΈ€μλ©΄ μ–΄λ–΅ν•λ‚ ν–λ”λ° κ·Έλƒ¥ μΈν›„μ—Όμ΄μ—¬μ„ λ‹¤ν–‰μ΄λ‹¤. κ·Όλ° μΈν›„μ—Ό μ•½κΉμ§€ ν•©μ³μ„ μ €λ…μ— λ¨Ήμ–΄μ•Ό ν•λ” μ•½μ΄ 12μ• λκ±° λ„λ¬΄ μ”μΈ..
125,2021-12-08 07:38:29+00:00,putongputong_m,@love_yongdusan νν—£ μ•„μ΄κ±° λ²¤ν…λ‹ μ•λ ¤μ£Όμ…”μ„ κ°μ‚¬ν•΄μ—¬. κ·Όλ° μ €κ°€ μ§€κΈ μΈν›„μ—ΌμΌλ΅ κΈ°μΉ¨μ„ μμ£Ό ν•΄μ„ ν”Όν•΄ λ κΉλ΄ γ… γ…  λ³‘μ›μΌλ΅ κ°‘λ‹λ‹¤ γ… γ… γ… γ…  μ—‰μ—‰μ—‰μ—‰ γ… γ… γ… γ…  https://t.co/LBmSBTP8ha
126,2021-12-07 10:52:15+00:00,Wahrheit1119,1λ…„μ— ν• λ²μ€ μ• κ·Έλλ„ μ μΌ μ•½ν• κΈ°κ΄€μ§€κ°€ μ λ€λ΅ κ³ μ¥ λ‚λ”λ° μ½”λ΅λ‚ ν„°μ§€κ³  λ‚μ„λ” λ©€μ©΅ν–μ. κ·Έλ¦¬κ³  μ¤λ λ®μΉ κΈ‰μ„±μΈν›„μ—Ό.........
127,2021-12-07 06:52:34+00:00,kw_cm,μ—΄μ΄ λ‚¬λ‹¤ μ• λ‚¬λ‹¤ ν•λ”λ° κ°κΈ°κ°€ μ•„λ‹λΌ μΈν›„μ—ΌμΈκ±° κ°™κΈ°λ„...
128,2021-12-07 05:18:06+00:00,theredcapegirl,@sottaeng μ­λ‹ νλΌ κ±Έλ ¤μ„ μΈν›„μ—Ό μ™”μ„λ• κ·Έλƒ¥ μΆ‹μ•„ν•λ” κ±° μ„μ£Όλ΅ μ¤¬μ–΄μ”. λ­λΌλ„ λ¨Ήμ–΄μ•Ό μ•½μ„ λ¨Ήμ΄λ‹ γ…γ… μ”κ±°νΈ μ¥¬μ¤ λΉµ μ‹λ¦¬μ–Ό νμΈμ• ν” λ°”λ‚λ‚ μ΄λ°κ±° λ¨Ήλ”λ‹¤λ”κ±° κ³„μ† μ‚¬λ³Έκ±° κ°™μ•„μ” γ…γ…
129,2021-12-07 04:42:23+00:00,heekyswi,@sottaeng μ•„ λ§λ‹¤ μΈν›„μ—Όμ΄μ—μ£ π­ν•β€¦. μ™μ΄λ¦¬ μ¤λκ°€μ£ ? λ²μ¨ μΌμ£ΌμΌ λ„κΈ΄ λλ‚μΈλ° γ…γ… κ·Όλ° μ°λ¦¬ μ„±μΈλ„ λ©μ•„ν”„λ©΄ μ •λ§ ν™μ¥ν•μ–μ•„μ”γ… γ…  μ•„ν΄ μ¤μ΄ λ„λ¬΄ κ³ μƒν•λ„¤ μ–΄μ©λ‹ μ •λ§.. μ‚Όν‚¤λ”κ² μ•„ν”„λ‹ μ•½λ¨Ήλ”κ²ƒλ„ μ‹«μ„κ±°κ³ πΆ νΉμ‹ μ΄λ° λ©μ•„ν”λ• λ¨Ήλ” μΊ”λ”” μ¤λ³΄μ…¨μ–΄μ”? μ΄κ²ƒλ§ λ¨Ήλ”λ‹¤κ³  ν• κΉλ΄ λ³„λ΅μ΄λ ¤λ‚μ”γ… γ…  https://t.co/TiL4BB0jzL
130,2021-12-06 18:43:18+00:00,vocabulary_loki,"the driver`s seat κ¶λ ¥μ μλ¦¬
public relations ν• μ΅°μ§κ³Ό μΌλ°μΈλ“¤κ³Όμ κ΄€κ³„
symptom μ¦μƒ,μ§•ν›„
stomach μ„,λ³µλ¶€
sore throat μΈν›„μ—Ό
rare λ“λ¬Έ
puzzle ~μ„ λ‹Ήν™©ν•κ² ν•λ‹¤
last μ§€μ†λλ‹¤"
131,2021-12-06 18:20:53+00:00,bbangtheduck,"μ™€ ! κ°€μµκΈ° ν‹€ λ•κ°€ λλ‹¤!
μ±…μ¥μ΄ λ§κ°€μ Έμ„,,,,μ• λ‹«νκΈΈλ μ• ν‹€κ³  μμ—λ”λ° γ… γ… 
λ μΈν›„μ—Ό κ±Έλ¦΄ μ μ—…μ§€"
132,2021-12-06 04:26:37+00:00,ImCoffeeMania,"μΈν›„μ—Όμ΄ μ‹¬ν•λ©΄ νΈν΅μ΄ μ•λλ”κ±Έ μ•μ•λ‹¤.
μ–μ „ν μ•½μ‚¬μ΄.."
133,2021-12-05 04:03:29+00:00,cj_ms_,μΈν›„μ—Ό λ„ κ±°ν†µμ¤λ½λ‹¤ μ•½λ„ λ¨Ήλ”λ° κ³„μ† κΈ°μΉ¨λ‚γ…γ…γ…
134,2021-12-05 02:48:01+00:00,amtpfm,μΈν›„μ—Ό λ•λ¬Έμ— λ©μ†λ¦¬κ°€ λ§μ΄ μ•„λ‹μ•Ό
135,2021-12-05 02:29:57+00:00,yynami,@purpledog911 κ·Έλƒ¥ μΈν›„μ—Όμ΄κΈΈμ”. π™
136,2021-12-05 02:07:43+00:00,purpledog911,μ½”λ΅λ‚λ” κ±°μ μ—΄μ„ λ™λ°ν•λ” μ¤„ μ•μ•λ”λ° μ• λ‚λ” κ²½μ°λ„ λ§λ‹¤κ³  ν•΄μ„ κΈ‰ν•κ² κ²€μ‚¬ λ°›μ•λ‹¤. κ·Έλƒ¥ μΈν›„μ—Όμ΄κΈ°λ¥Όβ€¦κ²°κ³Ό λΉ¨λ¦¬ λ‚μ™”μ μΆ‹κ² λ„¤.
137,2021-12-05 01:00:07+00:00,YukinoCieru,"μ”λ©°μΉ  λΈμ΄ νΉμ‚¬ λ‹Ήν–λ‚ λ©μ΄ μΉ νμ„ μ†ν†±μΌλ΅ κΈλ“―μ΄ μ•½ν•κ² μ•„ν” λ•κ°€ κ°„νΉ μκ³ 
μ—΄λ„ μ¬λλ‹¤ λ‚΄λ Έλ‹¤ μ΄λ¬λ”λ°..
μ–΄μ  λ³‘μ›κ°€λ‹κΉ νΈλ„μ„ μ—Όμ΄λ‘ μΈν›„μ—Ό μ§„λ‹¨λ°›μ...

κ°‘μκΈ° μ¶”μ›μ Έμ„ μ¨ν’κΈ° ν‹€μ—λ‹¤κ°€ μƒλ²½μ— λ”μ›μ„ μλ‹¤κΉ¨λ‹¤ λ°λ³µν•κ³  μΌμ–΄λ‚λ©΄ λΈμ΄ λ¬΄κ²κ³  μ–‘μ–΄κΉ¨λλ„νƒ€λ“―μ΄ μ•„ν”„κ³ "
138,2021-12-05 00:30:28+00:00,vovalstn,ν—¤λ¥΄νμ¤μ— μ…μ• λ‹¤ ν—κ³  μΈν›„μ—Ό γ… γ…‹γ…‹γ…‹γ…‹ν•λ²λ„ μ΅ν€λ³Έμ  μ—†λ”λ° μ΄κ±° μ§„μ§ μ•„ν”„κµ¬λ‚
139,2021-12-04 17:01:24+00:00,purpledog911,μΈν›„μ—Όμ΄ λ„μ΅λ‹¤. κ°€λΌμ•‰κ³  μμ—λ”λ°..γ… γ…  κ°€μµκΈ° μ• μ‚¬λ ¤κ³  ν–λ”λ° μ•„λ¬΄λλ„ μ‚¬μ•Ό ν•  λ“―. μ—ν¨β€¦λ­ μ‚¬μ•Όν•λ‚.. κ°€μ—΄μ‹ μ¤λ… μ‚¬μ•Όν•  κ²ƒ κ°™κΈ΄ν•λ° μ•„μ° κ·€μ°®μ•„. γ… γ… 
140,2021-12-04 12:22:54+00:00,__My_Midnight,@__Loviewer λ„¤λ„¤γ… γ… γ… γ…γ…γ…γ…γ…γ… λ‹¤ν–‰μ΄ λ‘λ‹¤ λ©€μ©΅ν•λ‹µλ‹λ‹¤π¥Ί λ³‘μ›κ°”λ”λ‹ μΈν›„μ—Όμ΄λμ„ μ•½μ±™κ²¨λ¨Ήκµ¬μμ–΄μ”γ… γ… γ… γ…γ…γ…λ’¤μ²λ¦¬κ°€ λ” νλ“¤μ–΄μ„ λλ¬Όλ‚μ¤λ„¤μ” μ  μ¥....π¥²
141,2021-12-03 10:43:33+00:00,nyang_th,@kai_love08 ν— π¤― μ•„λƒμ•„λƒ κ΄μ°®μ„ κ±°μ•Ό .α μ† κΉ¨λ—μ΄ μ”»κ³  μ† μ†λ…λ§ μ—΄μ‹¬ν ν•΄λ„ μ§„μ§ κ΄μ°®μ„ κ±°μ•Ό λ‚ μκ°€κ²©λ¦¬ μ΄λ°μ— μΈν›„μ—Όμ— 38λ„κΉμ§€ μ—΄λ„ λ‚«μ—‡λ‹¤.. λ„λ¬΄ μ‹ κ²½ μ“°μ—¬μ„ λ°¥λ„ μ λ€λ΅ μ• λ¨Ήκ³  κ³„μ† λ„μ›λ§ μμ—λ”λ‹ 3ν‚¤λ΅ λΉ μ§€κ³  λΈμ΄ λ„λ¬΄ μ• μ΅°μ•—λ‚λ΄.. λ„λ” κΌ­ λ°¥ μ μ±™κ²¨λ¨Ήμ–΄ λ„λ¬΄ κ±±μ •λ§κµ¬..
142,2021-12-03 02:50:51+00:00,sakuray40006098,"@dudu_the_walnut μ¤νΈλ ™μ‹¤ λ“μ…”μ”, μΈν›„μ—Ό μ¦μƒ μ¤„μ–΄λ“¤ κ±°μ—μ”π¤—"
143,2021-12-02 15:03:22+00:00,sohye_lyun_,μ²΄ν•κ³  λ©λ¶“κ³  μ—΄λ‚κ³  μ½§λ¬Όκ°κΈ°μ— μΈν›„μ—Ό...μ΄λ ‡κ² μ•„νλ„ γ„±γ…μ€κ±΄κ°€
144,2021-12-02 08:53:08+00:00,0621X0909,@__My_Midnight ν—‰ μ„Έμƒμ— μ–΄λ–΅ν•΄μ” μΈν›„μ—Ό μ§„μ§ νλ“¤μ–μ•„μ”γ… γ…  λ―Έμ§€κ·Όν• κ²ƒλ§ λ§μ‹κµ¬... ν‘Ή μ‰¬μ‹κΈ°μμ”.....
145,2021-12-02 08:41:19+00:00,__My_Midnight,μ–΄μ  μ—°κΈ°λ§μ‹ κ²ƒλ•λ§¤ λ³‘μ›μ™€μ„μ¤ μΈν›„μ—Όμ΄λ
146,2021-12-02 07:47:50+00:00,tanto_im,"ν•„μν…,,
ν•Έλ“ν¬λ¦Ό 4μΆ… ν…€λΈ”λ¬..κ·Έλ¦¬κ³  κ°€μµκΈ°
κ±΄μ΅°ν•λ©΄ λ°±νΌ μΈν›„μ—Ό κ±Έλ¦Όβ€¦
μ΄‰μ΄‰ν•κ² μ‚΄κ³ μ‹¶μ€ κ²¨μΈπ­
μ € λ’¤μ— μƒμΌμ— λ°›μ€ ν•Έλ“μ›μ‹!
μ•„λ ¨ν.. https://t.co/xJZwA28qjb"
147,2021-12-02 05:09:56+00:00,hanlionstar,@anzinne ν¨κ³Όλ” μΆ€ λν•λ° μ• μ΅Έλ¦° μ•½ μμ„ κ±°μ—μ”. μ½”κ°κΈ° λƒ…λ‘λ©΄ μΈν›„μ—ΌμΌλ΅ κ°€κ³  μ¶•λ†μ¦μΌλ΅ κ°€κ³  λλ³‘λ„ μ¤κ³  λ‘ν†µλ„ μ¤κ³  μ¨μ„ λ» μ‰¬λ‹ μ΄λ€λ΅ μ£½λ‚ μ‹¶κ³ . μ΄λ―Έ λ‹¤κΈ‰ν•©λ‹λ‹¤.
148,2021-12-01 12:18:21+00:00,ronne0607,"μΈν›„μ—Ό μ§„μ§ μ§μ¦λ‚
μ•„μ¤"
149,2021-12-01 09:36:35+00:00,souI51503030,@Eclipse_rum μΈν›„μ—Όμ΄ μ‹¬ν•΄μ§€λ©΄ μ•½ λ°”λ¥Ό λ• μ…€ν”„ λ”¥μ¤λ΅― μ‡Ό ν•΄μ•Ό λΌμ”....
150,2021-12-01 07:51:33+00:00,steamboss80,"#λ―Έλ‚λ¦¬_μ§€μΌλ³΄κ³ μλ‹¤ λ―Έλ‚μ•Ό μ½”λ§Ήλ§Ήμ΄ μ†λ¦¬ μ•„μ§λ„ μμΌλ©΄ λΏλ¦¬λ” λΉ„μ¶©νμ κ±°μ  (μ¤νΈλ¦¬λΉ, ν™”μ΄ν¬λ²¤λ‚μμ¤ν”„λ μ΄ λ“±)μ΄ μ ¤ ν¨κ³Ό λΉ λ¥΄κ³ , νΉμ‹ λ©μ΄ μ•„ν”„κ±°λ‚ λ­ μ‚Όν‚¬λ• λ”°λ”κ±°λ¦¬λ©΄ μΈν›„μ—Ό μμ„ μ μμΌλ‹ μ•½ λ¨Ήμ–΄μ•Ό ν•κ³ ~ #λ―Έλ‚λ²„λΈ”"
151,2021-12-01 07:34:23+00:00,BeingAsked,μ •λ³‘μ•½μ—λ‹¤κ°€ μ •ν•μ™Έκ³Όμ•½μ„ λ¨Ήλ‹¤κ°€ μ†κ°€λ½ λ‹¤μ³μ„ λ‚΄κ³Όμ•½μ„ λ¨Ήλ‹¤κ°€ μΈν›„μ—Όμ΄ λ„μ Έμ„ μ΄λΉ„μΈν›„κ³Όμ•½μ„ λ¨Ήμ–΄μ•Όν•λ”
152,2021-12-01 03:35:30+00:00,kim98percent,"μ–΄μ  μ•μ•λκ±΄λ°
μ™ μ΄λ ‡κ² μ”μ¦ κΈ°μ μ μ„ μμ§€..???ν–λ κ² μΈν›„μ—Όλ•λ¬Έμ— λ¨Ήλ μ•½ ν¨κ³Όμ€μμ„γ…‹γ…‹γ…‹γ…‹γ… γ… γ… γ… γ… γ… γ… "
